Codon,AA,f
TTT,F,3.6
TTC,F,22.2
TTA,L,0.2
TTG,L,10.1
CTT,L,4.2
CTC,L,12.2
CTA,L,2.1
CTG,L,58.2
ATT,I,3.8
ATC,I,28.8
ATA,I,1.3
ATG,M,16.1
GTT,V,4.9
GTC,V,29.8
GTA,V,4.8
GTG,V,32.9
TCT,S,2.3
TCC,S,11.8
TCA,S,1.6
TCG,S,17.7
CCT,P,3.6
CCC,P,19.2
CCA,P,2.8
CCG,P,28.8
ACT,T,1.9
ACC,T,29.3
ACA,T,2.2
ACG,T,22.7
GCT,AA,5.9
GCC,AA,69.3
GCA,AA,7.3
GCG,AA,53.2
TAT,Y,8.7
TAC,Y,16.5
TAA,X,0.7
TAG,X,0.6
CAT,H,8
CAC,H,13
CAA,Q,7
CAG,Q,38.1
AAT,N,8.4
AAC,N,22.5
AAA,K,3.3
AAG,K,26.6
GAT,D,10.5
GAC,D,40.3
GAA,E,16.6
GAG,E,29
TGT,C,0.3
TGC,C,3
TGA,X,0.8
TGG,W,13.9
CGT,R,4.3
CGC,R,42.5
CGA,R,2.8
CGG,R,15.3
AGT,S,2.1
AGC,S,26.9
AGA,R,0.6
AGG,R,4.1
GGT,G,12.4
GGC,G,84.9
GGA,G,5.2
GGG,G,16.3