Codon,AA,f,Count
TTT,F,20.7,5506
TTC,F,14.3,3811
TTA,L,12.7,3378
TTG,L,11.9,3181
CTT,L,13,3470
CTC,L,11,2939
CTA,L,5,1339
CTG,L,46,12256
ATT,I,26.2,6977
ATC,I,24,6379
ATA,I,7.5,1989
ATG,M,24,6395
GTT,V,18.6,4961
GTC,V,17.2,4589
GTA,V,11.5,3062
GTG,V,22.1,5898
TCT,S,9.8,2612
TCC,S,11.9,3180
TCA,S,8.7,2314
TCG,S,8.9,2378
CCT,P,8.3,2200
CCC,P,7.4,1964
CCA,P,7,1873
CCG,P,19.9,5297
ACT,T,11.2,2976
ACC,T,23.6,6280
ACA,T,10.2,2724
ACG,T,18.8,5004
GCT,AA,17,4517
GCC,AA,26.9,7162
GCA,AA,18,4786
GCG,AA,32.4,8633
TAT,Y,16.4,4367
TAC,Y,11.5,3051
TAA,X,1.8,471
TAG,X,0.4,97
CAT,H,11.6,3091
CAC,H,8.7,2319
CAA,Q,12.7,3393
CAG,Q,30.9,8226
AAT,N,20,5327
AAC,N,23.9,6362
AAA,K,31.7,8449
AAG,K,13.4,3556
GAT,D,34,9065
GAC,D,22.4,5971
GAA,E,34.1,9076
GAG,E,19.7,5252
TGT,C,4.6,1224
TGC,C,5.6,1493
TGA,X,1.3,336
TGG,W,15,4004
CGT,R,17.2,4586
CGC,R,18.9,5026
CGA,R,4.9,1310
CGG,R,8.6,2280
AGT,S,9.4,2505
AGC,S,17.3,4603
AGA,R,3.9,1045
AGG,R,3.2,855
GGT,G,20.1,5347
GGC,G,29.5,7865
GGA,G,10.5,2788
GGG,G,11.1,2950